"m_auteur_fk","u_login"
"24","a.felis@fringillapurus.org"
"72","a.purus@metus.com"
"42","ac@Donec.edu"
"88","ante.dictum.cursus@magnamalesu"
"15","ante.Nunc.mauris@faucibusorci."
"10","ante@dictumeu.edu"
"7","arcu@estMauris.ca"
"100","arcu@ipsumprimis.org"
"56","at.velit.Cras@sitamet.ca"
"17","augue.ut.lacus@eratSednunc.org"
"69","bibendum@Suspendisseacmetus.co"
"75","convallis.erat.eget@consequatd"
"62","convallis@volutpatnuncsit.com"
"27","Cras.convallis@pharetraut.com"
"97","cursus.diam@enimcondimentumege"
"77","diam.at@elitAliquam.com"
"85","diam.lorem@Pellentesqueultrici"
"45","diam.vel@et.edu"
"98","dictum.placerat@eu.com"
"83","dictum@ametconsectetuer.com"
"67","dictum@consectetuermaurisid.co"
"68","dignissim.pharetra@egestas.org"
"6","dignissim@luctusfelis.edu"
"21","dis.parturient@tempusrisus.org"
"76","eget.ipsum@dolor.edu"
"28","erat.eget.ipsum@justoeu.ca"
"48","erat@dictumsapien.ca"
"5","est@massa.edu"
"95","Etiam.ligula@tristiqueneque.co"
"71","eu.tempor@consectetuer.edu"
"59","euismod.ac@dignissimmagnaa.edu"
"73","euismod@gravida.com"
"50","feugiat.tellus.lorem@sodalesel"
"61","habitant@vitaeodio.ca"
"41","in.molestie@mus.com"
"31","In.nec.orci@odio.com"
"23","In@mus.com"
"30","Integer.sem@imperdietullamcorp"
"39","lacus.varius.et@consectetuerad"
"96","libero@erat.com"
"80","lobortis.nisi@urnaconvallis.ed"
"51","Lorem.ipsum@veliteget.org"
"32","magna@erosturpis.com"
"92","malesuada.fames.ac@non.org"
"3","malesuada.id@vulputate.com"
"63","malesuada.ut.sem@volutpatNulla"
"26","mauris.aliquam@a.org"
"55","mauris.sagittis.placerat@enimg"
"52","mauris.sapien@maurisidsapien.e"
"94","Mauris@nulla.ca"
"47","mi@Phasellusinfelis.com"
"19","natoque.penatibus@amet.org"
"38","natoque.penatibus@feugiatplace"
"53","natoque.penatibus@nulla.com"
"11","nec@aliquetvel.com"
"22","neque.In@euenim.com"
"54","neque.pellentesque@etmagnisdis"
"84","neque.tellus.imperdiet@nec.ca"
"81","non.luctus@imperdietnecleo.org"
"34","Nullam.nisl@sit.edu"
"37","Nullam.vitae@Fuscefermentum.ed"
"9","nunc.interdum@Ut.ca"
"66","odio@ipsumcursusvestibulum.edu"
"78","parturient.montes.nascetur@dia"
"35","pede.Praesent.eu@eutelluseu.ed"
"33","Pellentesque.tincidunt.tempus@"
"93","placerat@dolor.org"
"14","pretium.neque@metusvitae.edu"
"43","pretium@Etiam.edu"
"2","Sed.nunc.est@nonluctussit.com"
"90","Sed@aceleifend.org"
"64","sem@hendrerit.ca"
"99","sit.amet.metus@mi.com"
"82","Suspendisse@Aliquameratvolutpa"
"74","Suspendisse@sedpedenec.edu"
"89","Suspendisse@vitae.ca"
"29","tellus@necurnasuscipit.org"
"57","tempor.bibendum.Donec@semper.c"
"25","tincidunt.neque@vitaeposuere.e"
"36","tincidunt.tempus@nequevenenati"
"86","tincidunt@nonhendrerit.com"
"49","tincidunt@odio.com"
"18","tortor.dictum.eu@nequesedsem.e"
"91","tristique.pharetra.Quisque@ero"
"8","turpis.egestas.Aliquam@luctusv"
"79","ullamcorper@AliquamnislNulla.c"
"44","ultricies.dignissim.lacus@Aene"
"46","ultricies.ornare@eleifendegest"
"1","urna.et@iaculisenim.org"
"65","urna.suscipit.nonummy@ullamcor"
"16","velit.Quisque.varius@ametconse"
"13","vestibulum.Mauris@Aliquamornar"
"12","Vestibulum@mollis.edu"
"4","vitae.aliquet@molestie.edu"
"40","vitae.mauris.sit@Crasconvallis"
"20","vitae.orci.Phasellus@fames.com"
"70","vitae@pedeultricesa.com"
"87","Vivamus.nibh.dolor@temporaugue"
